<?xml version="1.0" encoding="UTF-8"?>
<!DOCTYPE configuration PUBLIC "-//mybatis.org//DTD Config 3.0//EN" "http://mybatis.org/dtd/mybatis-3-config.dtd" >
<configuration>
	<settings>
		<setting name="jdbcTypeForNull" value="NULL"/>
	</settings>
	
	<typeAliases>
		<typeAlias type="com.san.dong.member.model.vo.Member" alias="Member"/>
		<typeAlias type="com.san.dong.member.model.vo.EstateAgent" alias="EstateAgent"/>
	</typeAliases>
	
	<mappers>
		<mapper resource="mapper/member-mapper.xml"/>
	</mappers>
</configuration>
